Model,CV_Acc,CV_F1_macro,Test_Acc,Test_F1_macro
RF,0.9638888888888889,0.963802419057556,0.9722222222222222,0.9722206785835571
KNN,0.9493055555555555,0.9492375210501376,0.9666666666666667,0.9666214518525007
SVM,0.9361111111111111,0.9355957395556178,0.9361111111111111,0.9360081181970837
DT,0.9270833333333334,0.9268258021128449,0.9333333333333333,0.9332638129303623
