Model,CV_Acc,CV_F1_macro,Test_Acc,Test_F1_macro
RF,0.9708333333333332,0.9707718051322056,1.0,1.0
KNN,0.9645833333333333,0.964232167771885,0.9833333333333333,0.9833333333333334
SVM,0.98125,0.9812357445421961,0.9833333333333333,0.9832915622389308
DT,0.9458333333333334,0.9453438234968912,0.9583333333333334,0.9582098850391533
